categoria,objeto,detalhe,coluna,tipo,valor,extra
Coluna,likes,null,user_id,uuid,null,NO
Coluna,likes,null,id,uuid,gen_random_uuid(),NO
Coluna,likes,null,created_at,timestamp with time zone,now(),YES
Coluna,likes,null,profile_id,uuid,null,NO
Coluna,messages,null,id,uuid,uuid_generate_v4(),NO
Coluna,messages,null,created_at,timestamp with time zone,now(),NO
Coluna,messages,null,recipient_id,uuid,null,NO
Coluna,messages,null,receiver_id,uuid,null,NO
Coluna,messages,null,content,text,null,NO
Coluna,messages,null,sender_id,uuid,null,NO
Coluna,payments,null,subscription_id,uuid,null,YES
Coluna,payments,null,user_id,uuid,null,NO
Coluna,payments,null,payment_method,text,null,NO
Coluna,payments,null,transaction_id,text,null,YES
Coluna,payments,null,payment_status,text,'pending'::text,NO
Coluna,payments,null,created_at,timestamp with time zone,now(),YES
Coluna,payments,null,amount,numeric,null,NO
Coluna,payments,null,id,uuid,gen_random_uuid(),NO
Coluna,profile_views,null,viewer_id,uuid,null,NO
Coluna,profile_views,null,id,uuid,gen_random_uuid(),NO
Coluna,profile_views,null,created_date,date,null,YES
Coluna,profile_views,null,created_at,timestamp with time zone,now(),YES
Coluna,profile_views,null,profile_id,uuid,null,NO
Coluna,profiles,null,name,text,null,YES
Coluna,profiles,null,nickname,text,null,YES
Coluna,profiles,null,is_premium,boolean,false,YES
Coluna,profiles,null,popularity,integer,0,YES
Coluna,profiles,null,registered_date,timestamp with time zone,now(),YES
Coluna,profiles,null,age,integer,null,YES
Coluna,profiles,null,is_admin,boolean,false,NO
Coluna,profiles,null,email,text,null,YES
Coluna,profiles,null,profile_type,text,null,YES
Coluna,profiles,null,marital_status,text,null,YES
Coluna,profiles,null,children,text,null,YES
Coluna,profiles,null,state,text,null,YES
Coluna,profiles,null,city,text,null,YES
Coluna,profiles,null,height,text,null,YES
Coluna,profiles,null,body_type,text,null,YES
Coluna,profiles,null,ethnicity,text,null,YES
Coluna,profiles,null,hair_color,text,null,YES
Coluna,profiles,null,eye_color,text,null,YES
Coluna,profiles,null,smoking,text,null,YES
Coluna,profiles,null,drinking,text,null,YES
Coluna,profiles,null,travel,text,null,YES
Coluna,profiles,null,education,text,null,YES
Coluna,profiles,null,occupation,text,null,YES
Coluna,profiles,null,income,text,null,YES
Coluna,profiles,null,net_worth,text,null,YES
Coluna,profiles,null,image_urls,ARRAY,'{}'::text[],YES
Coluna,profiles,null,id,uuid,null,NO
Coluna,profiles,null,birth_date,date,null,YES
Coluna,profiles,null,is_verified,boolean,false,YES
Coluna,subscription_plans,null,description,text,null,YES
Coluna,subscription_plans,null,name,text,null,NO
Coluna,subscription_plans,null,features,ARRAY,null,YES
Coluna,subscription_plans,null,created_at,timestamp with time zone,now(),YES
Coluna,subscription_plans,null,is_active,boolean,true,YES
Coluna,subscription_plans,null,duration_days,integer,null,NO
Coluna,subscription_plans,null,id,uuid,gen_random_uuid(),NO
Coluna,subscription_plans,null,price,numeric,null,NO
Coluna,user_subscriptions,null,created_at,timestamp with time zone,now(),YES
Coluna,user_subscriptions,null,expires_at,timestamp with time zone,null,NO
Coluna,user_subscriptions,null,starts_at,timestamp with time zone,now(),NO
Coluna,user_subscriptions,null,plan_id,uuid,null,NO
Coluna,user_subscriptions,null,user_id,uuid,null,NO
Coluna,user_subscriptions,null,id,uuid,gen_random_uuid(),NO
Coluna,user_subscriptions,null,status,text,'active'::text,NO
Coluna,verifications,null,reviewed_at,timestamp with time zone,null,YES
Coluna,verifications,null,reviewed_by,uuid,null,YES
Coluna,verifications,null,document_url,text,null,NO
Coluna,verifications,null,document_type,text,null,NO
Coluna,verifications,null,notes,text,null,YES
Coluna,verifications,null,user_id,uuid,null,NO
Coluna,verifications,null,id,uuid,gen_random_uuid(),NO
Coluna,verifications,null,status,text,'pending'::text,NO
Coluna,verifications,null,created_at,timestamp with time zone,now(),YES
Constraint,likes,PRIMARY KEY,id,null,likes_pkey,null
Constraint,likes,FOREIGN KEY,profile_id,null,likes_profile_id_fkey,null
Constraint,likes,FOREIGN KEY,user_id,null,likes_user_id_fkey,null
Constraint,likes,UNIQUE,user_id,null,likes_user_id_profile_id_key,null
Constraint,likes,UNIQUE,profile_id,null,likes_user_id_profile_id_key,null
Constraint,likes,UNIQUE,profile_id,null,uq_user_profile,null
Constraint,likes,CHECK,null,null,2200_27405_1_not_null,null
Constraint,likes,CHECK,null,null,2200_27405_2_not_null,null
Constraint,likes,CHECK,null,null,2200_27405_3_not_null,null
Constraint,messages,PRIMARY KEY,inserted_at,null,messages_pkey,null
Constraint,messages,FOREIGN KEY,receiver_id,null,messages_receiver_id_fkey,null
Constraint,messages,CHECK,null,null,2200_17335_1_not_null,null
Constraint,messages,CHECK,null,null,2200_17335_2_not_null,null
Constraint,messages,PRIMARY KEY,id,null,messages_pkey,null
Constraint,messages,FOREIGN KEY,recipient_id,null,messages_recipient_id_fkey,null
Constraint,messages,FOREIGN KEY,sender_id,null,messages_sender_id_fkey,null
Constraint,messages,CHECK,null,null,no_self_message,null
Constraint,messages,PRIMARY KEY,id,null,messages_pkey,null
Constraint,messages,CHECK,null,null,2200_17335_6_not_null,null
Constraint,messages,CHECK,null,null,2200_17335_5_not_null,null
Constraint,messages,CHECK,null,null,2200_17335_4_not_null,null
Constraint,messages,CHECK,null,null,2200_17335_3_not_null,null
Constraint,payments,FOREIGN KEY,subscription_id,null,payments_subscription_id_fkey,null
Constraint,payments,CHECK,null,null,2200_27274_4_not_null,null
Constraint,payments,CHECK,null,null,2200_27274_5_not_null,null
Constraint,payments,CHECK,null,null,2200_27274_6_not_null,null
Constraint,payments,CHECK,null,null,2200_27274_1_not_null,null
Constraint,payments,CHECK,null,null,2200_27274_2_not_null,null
Constraint,payments,CHECK,null,null,chk_payments_status,null
Constraint,payments,CHECK,null,null,payments_payment_status_check,null
Constraint,payments,PRIMARY KEY,id,null,payments_pkey,null
Constraint,payments,FOREIGN KEY,user_id,null,payments_user_id_fkey,null
Constraint,profile_views,FOREIGN KEY,viewer_id,null,profile_views_viewer_id_fkey,null
Constraint,profile_views,CHECK,null,null,2200_27360_3_not_null,null
Constraint,profile_views,CHECK,null,null,2200_27360_2_not_null,null
Constraint,profile_views,CHECK,null,null,2200_27360_1_not_null,null
Constraint,profile_views,PRIMARY KEY,id,null,profile_views_pkey,null
Constraint,profile_views,FOREIGN KEY,profile_id,null,profile_views_profile_id_fkey,null
Constraint,profiles,CHECK,null,null,2200_17291_28_not_null,null
Constraint,profiles,CHECK,null,null,2200_17291_1_not_null,null
Constraint,profiles,PRIMARY KEY,id,null,profiles_pkey,null
Constraint,profiles,FOREIGN KEY,id,null,profiles_id_fkey,null
Constraint,subscription_plans,CHECK,null,null,2200_27201_1_not_null,null
Constraint,subscription_plans,CHECK,null,null,2200_27201_5_not_null,null
Constraint,subscription_plans,CHECK,null,null,2200_27201_4_not_null,null
Constraint,subscription_plans,PRIMARY KEY,id,null,subscription_plans_pkey,null
Constraint,subscription_plans,CHECK,null,null,2200_27201_2_not_null,null
Constraint,user_subscriptions,CHECK,null,null,user_subscriptions_status_check,null
Constraint,user_subscriptions,FOREIGN KEY,plan_id,null,user_subscriptions_plan_id_fkey,null
Constraint,user_subscriptions,PRIMARY KEY,id,null,user_subscriptions_pkey,null
Constraint,user_subscriptions,CHECK,null,null,2200_27232_1_not_null,null
Constraint,user_subscriptions,CHECK,null,null,2200_27232_2_not_null,null
Constraint,user_subscriptions,CHECK,null,null,2200_27232_3_not_null,null
Constraint,user_subscriptions,CHECK,null,null,2200_27232_4_not_null,null
Constraint,user_subscriptions,CHECK,null,null,2200_27232_5_not_null,null
Constraint,user_subscriptions,CHECK,null,null,2200_27232_6_not_null,null
Constraint,user_subscriptions,CHECK,null,null,chk_user_subscriptions_status,null
Constraint,user_subscriptions,FOREIGN KEY,user_id,null,user_subscriptions_user_id_fkey,null
Constraint,verifications,PRIMARY KEY,id,null,verifications_pkey,null
Constraint,verifications,CHECK,null,null,chk_verifications_status,null
Constraint,verifications,FOREIGN KEY,reviewed_by,null,verifications_reviewed_by_fkey,null
Constraint,verifications,CHECK,null,null,verifications_status_check,null
Constraint,verifications,FOREIGN KEY,user_id,null,verifications_user_id_fkey,null
Constraint,verifications,CHECK,null,null,2200_27318_1_not_null,null
Constraint,verifications,CHECK,null,null,2200_27318_2_not_null,null
Constraint,verifications,CHECK,null,null,2200_27318_3_not_null,null
Constraint,verifications,CHECK,null,null,2200_27318_4_not_null,null
Constraint,verifications,CHECK,null,null,2200_27318_5_not_null,null
Função,date_only,FUNCTION,null,date,"
BEGIN
    RETURN ts::date;
END;
",null
Função,get_profile_likes_count,FUNCTION,null,integer,"
BEGIN
    RETURN (
        SELECT COUNT(*) FROM public.like",null
Função,get_profile_views_count,FUNCTION,null,integer,"
BEGIN
    RETURN (
        SELECT COUNT(*) FROM public.prof",null
Função,handle_new_user,FUNCTION,null,trigger,"
BEGIN
    INSERT INTO public.profiles (profile_type, name, a",null
Função,prevent_self_like,FUNCTION,null,trigger,"
BEGIN
  IF EXISTS (
    SELECT 1 FROM public.profiles p WHE",null
Função,set_created_date,FUNCTION,null,trigger,"
BEGIN
    NEW.created_date := NEW.created_at::date;
    RET",null
Função,update_updated_at_column,FUNCTION,null,trigger,"
BEGIN
    NEW.updated_at = NOW();
    RETURN NEW;
END;
",null
Índice,audit_log_entries,null,id,null,audit_log_entries_pkey,Único
Índice,audit_log_entries,null,instance_id,null,audit_logs_instance_id_idx,Não Único
Índice,buckets,null,id,null,buckets_pkey,Único
Índice,buckets,null,name,null,bname,Único
Índice,buckets_analytics,null,id,null,buckets_analytics_pkey,Único
Índice,flow_state,null,id,null,flow_state_pkey,Único
Índice,flow_state,null,created_at,null,flow_state_created_at_idx,Não Único
Índice,flow_state,null,user_id,null,idx_user_id_auth_method,Não Único
Índice,flow_state,null,authentication_method,null,idx_user_id_auth_method,Não Único
Índice,flow_state,null,auth_code,null,idx_auth_code,Não Único
Índice,identities,null,provider,null,identities_provider_id_provider_unique,Único
Índice,identities,null,id,null,identities_pkey,Único
Índice,identities,null,email,null,identities_email_idx,Não Único
Índice,identities,null,user_id,null,identities_user_id_idx,Não Único
Índice,identities,null,provider_id,null,identities_provider_id_provider_unique,Único
Índice,instances,null,id,null,instances_pkey,Único
Índice,likes,null,profile_id,null,likes_user_id_profile_id_key,Único
Índice,likes,null,profile_id,null,uq_user_profile,Único
Índice,likes,null,profile_id,null,idx_likes_profile_id,Não Único
Índice,likes,null,id,null,likes_pkey,Único
Índice,likes,null,user_id,null,likes_user_id_profile_id_key,Único
Índice,messages,null,id,null,messages_pkey,Único
Índice,messages,null,created_at,null,idx_messages_created_at,Não Único
Índice,messages,null,sender_id,null,idx_messages_sender_id,Não Único
Índice,messages,null,receiver_id,null,idx_messages_receiver_id,Não Único
Índice,mfa_amr_claims,null,session_id,null,mfa_amr_claims_session_id_authentication_method_pkey,Único
Índice,mfa_amr_claims,null,authentication_method,null,mfa_amr_claims_session_id_authentication_method_pkey,Único
Índice,mfa_amr_claims,null,id,null,amr_id_pk,Único
Índice,mfa_challenges,null,created_at,null,mfa_challenge_created_at_idx,Não Único
Índice,mfa_challenges,null,id,null,mfa_challenges_pkey,Único
Índice,mfa_factors,null,created_at,null,factor_id_created_at_idx,Não Único
Índice,mfa_factors,null,id,null,mfa_factors_pkey,Único
Índice,mfa_factors,null,user_id,null,mfa_factors_user_id_idx,Não Único
Índice,mfa_factors,null,phone,null,unique_phone_factor_per_user,Único
Índice,mfa_factors,null,user_id,null,unique_phone_factor_per_user,Único
Índice,mfa_factors,null,last_challenged_at,null,mfa_factors_last_challenged_at_key,Único
Índice,mfa_factors,null,user_id,null,factor_id_created_at_idx,Não Único
Índice,mfa_factors,null,user_id,null,mfa_factors_user_friendly_name_unique,Único
Índice,mfa_factors,null,friendly_name,null,mfa_factors_user_friendly_name_unique,Único
Índice,migrations,null,id,null,migrations_pkey,Único
Índice,migrations,null,name,null,migrations_name_key,Único
Índice,oauth_clients,null,deleted_at,null,oauth_clients_deleted_at_idx,Não Único
Índice,oauth_clients,null,id,null,oauth_clients_pkey,Único
Índice,oauth_clients,null,client_id,null,oauth_clients_client_id_key,Único
Índice,oauth_clients,null,client_id,null,oauth_clients_client_id_idx,Não Único
Índice,objects,null,name,null,idx_objects_bucket_id_name,Não Único
Índice,objects,null,id,null,objects_pkey,Único
Índice,objects,null,bucket_id,null,bucketid_objname,Único
Índice,objects,null,name,null,bucketid_objname,Único
Índice,objects,null,name,null,name_prefix_search,Não Único
Índice,objects,null,bucket_id,null,idx_objects_bucket_id_name,Não Único
Índice,objects,null,bucket_id,null,idx_name_bucket_level_unique,Único
Índice,objects,null,level,null,idx_name_bucket_level_unique,Único
Índice,objects,null,name,null,idx_name_bucket_level_unique,Único
Índice,objects,null,bucket_id,null,objects_bucket_id_level_idx,Único
Índice,objects,null,level,null,objects_bucket_id_level_idx,Único
Índice,objects,null,name,null,objects_bucket_id_level_idx,Único
Índice,objects,null,bucket_id,null,idx_objects_lower_name,Não Único
Índice,objects,null,level,null,idx_objects_lower_name,Não Único
Índice,one_time_tokens,null,user_id,null,one_time_tokens_user_id_token_type_key,Único
Índice,one_time_tokens,null,token_hash,null,one_time_tokens_token_hash_hash_idx,Não Único
Índice,one_time_tokens,null,relates_to,null,one_time_tokens_relates_to_hash_idx,Não Único
Índice,one_time_tokens,null,token_type,null,one_time_tokens_user_id_token_type_key,Único
Índice,one_time_tokens,null,id,null,one_time_tokens_pkey,Único
Índice,payments,null,payment_status,null,idx_payments_status,Não Único
Índice,payments,null,id,null,payments_pkey,Único
Índice,pg_aggregate,null,aggfnoid,null,pg_aggregate_fnoid_index,Único
Índice,pg_am,null,oid,null,pg_am_oid_index,Único
Índice,pg_am,null,amname,null,pg_am_name_index,Único
Índice,pg_amop,null,amopopr,null,pg_amop_opr_fam_index,Único
Índice,pg_amop,null,oid,null,pg_amop_oid_index,Único
Índice,pg_amop,null,amoppurpose,null,pg_amop_opr_fam_index,Único
Índice,pg_amop,null,amopfamily,null,pg_amop_opr_fam_index,Único
Índice,pg_amop,null,amopstrategy,null,pg_amop_fam_strat_index,Único
Índice,pg_amop,null,amoprighttype,null,pg_amop_fam_strat_index,Único
Índice,pg_amop,null,amopfamily,null,pg_amop_fam_strat_index,Único
Índice,pg_amop,null,amoplefttype,null,pg_amop_fam_strat_index,Único
Índice,pg_amproc,null,amproclefttype,null,pg_amproc_fam_proc_index,Único
Índice,pg_amproc,null,amprocrighttype,null,pg_amproc_fam_proc_index,Único
Índice,pg_amproc,null,oid,null,pg_amproc_oid_index,Único
Índice,pg_amproc,null,amprocfamily,null,pg_amproc_fam_proc_index,Único
Índice,pg_amproc,null,amprocnum,null,pg_amproc_fam_proc_index,Único
Índice,pg_attrdef,null,oid,null,pg_attrdef_oid_index,Único
Índice,pg_attrdef,null,adnum,null,pg_attrdef_adrelid_adnum_index,Único
Índice,pg_attrdef,null,adrelid,null,pg_attrdef_adrelid_adnum_index,Único
Índice,pg_attribute,null,attname,null,pg_attribute_relid_attnam_index,Único
Índice,pg_attribute,null,attrelid,null,pg_attribute_relid_attnam_index,Único
Índice,pg_attribute,null,attnum,null,pg_attribute_relid_attnum_index,Único
Índice,pg_attribute,null,attrelid,null,pg_attribute_relid_attnum_index,Único
Índice,pg_auth_members,null,roleid,null,pg_auth_members_member_role_index,Único
Índice,pg_auth_members,null,oid,null,pg_auth_members_oid_index,Único
Índice,pg_auth_members,null,roleid,null,pg_auth_members_role_member_index,Único
Índice,pg_auth_members,null,member,null,pg_auth_members_role_member_index,Único
Índice,pg_auth_members,null,grantor,null,pg_auth_members_role_member_index,Único
Índice,pg_auth_members,null,grantor,null,pg_auth_members_member_role_index,Único
Índice,pg_auth_members,null,member,null,pg_auth_members_member_role_index,Único
Índice,pg_auth_members,null,grantor,null,pg_auth_members_grantor_index,Não Único
Índice,pg_authid,null,rolname,null,pg_authid_rolname_index,Único
Índice,pg_authid,null,oid,null,pg_authid_oid_index,Único
Índice,pg_cast,null,casttarget,null,pg_cast_source_target_index,Único
Índice,pg_cast,null,oid,null,pg_cast_oid_index,Único
Índice,pg_cast,null,castsource,null,pg_cast_source_target_index,Único
Índice,pg_class,null,relname,null,pg_class_relname_nsp_index,Único
Índice,pg_class,null,oid,null,pg_class_oid_index,Único
Índice,pg_class,null,reltablespace,null,pg_class_tblspc_relfilenode_index,Não Único
Índice,pg_class,null,relfilenode,null,pg_class_tblspc_relfilenode_index,Não Único
Índice,pg_class,null,relnamespace,null,pg_class_relname_nsp_index,Único
Índice,pg_collation,null,oid,null,pg_collation_oid_index,Único
Índice,pg_collation,null,collname,null,pg_collation_name_enc_nsp_index,Único
Índice,pg_collation,null,collnamespace,null,pg_collation_name_enc_nsp_index,Único
Índice,pg_collation,null,collencoding,null,pg_collation_name_enc_nsp_index,Único
Índice,pg_constraint,null,connamespace,null,pg_constraint_conname_nsp_index,Não Único
Índice,pg_constraint,null,conrelid,null,pg_constraint_conrelid_contypid_conname_index,Único
Índice,pg_constraint,null,conname,null,pg_constraint_conrelid_contypid_conname_index,Único
Índice,pg_constraint,null,conname,null,pg_constraint_conname_nsp_index,Não Único
Índice,pg_constraint,null,oid,null,pg_constraint_oid_index,Único
Índice,pg_constraint,null,conparentid,null,pg_constraint_conparentid_index,Não Único
Índice,pg_constraint,null,contypid,null,pg_constraint_contypid_index,Não Único
Índice,pg_constraint,null,contypid,null,pg_constraint_conrelid_contypid_conname_index,Único
Índice,pg_conversion,null,conname,null,pg_conversion_name_nsp_index,Único
Índice,pg_conversion,null,oid,null,pg_conversion_oid_index,Único
Índice,pg_conversion,null,oid,null,pg_conversion_default_index,Único
Índice,pg_conversion,null,contoencoding,null,pg_conversion_default_index,Único
Índice,pg_conversion,null,connamespace,null,pg_conversion_default_index,Único
Índice,pg_conversion,null,conforencoding,null,pg_conversion_default_index,Único
Índice,pg_conversion,null,connamespace,null,pg_conversion_name_nsp_index,Único
Índice,pg_database,null,oid,null,pg_database_oid_index,Único
Índice,pg_database,null,datname,null,pg_database_datname_index,Único
Índice,pg_db_role_setting,null,setrole,null,pg_db_role_setting_databaseid_rol_index,Único
Índice,pg_db_role_setting,null,setdatabase,null,pg_db_role_setting_databaseid_rol_index,Único
Índice,pg_default_acl,null,oid,null,pg_default_acl_oid_index,Único
Índice,pg_default_acl,null,defaclrole,null,pg_default_acl_role_nsp_obj_index,Único
Índice,pg_default_acl,null,defaclobjtype,null,pg_default_acl_role_nsp_obj_index,Único
Índice,pg_default_acl,null,defaclnamespace,null,pg_default_acl_role_nsp_obj_index,Único
Índice,pg_depend,null,objsubid,null,pg_depend_depender_index,Não Único
Índice,pg_depend,null,refobjid,null,pg_depend_reference_index,Não Único
Índice,pg_depend,null,refobjsubid,null,pg_depend_reference_index,Não Único
Índice,pg_depend,null,classid,null,pg_depend_depender_index,Não Único
Índice,pg_depend,null,objid,null,pg_depend_depender_index,Não Único
Índice,pg_depend,null,refclassid,null,pg_depend_reference_index,Não Único
Índice,pg_description,null,classoid,null,pg_description_o_c_o_index,Único
Índice,pg_description,null,objsubid,null,pg_description_o_c_o_index,Único
Índice,pg_description,null,objoid,null,pg_description_o_c_o_index,Único
Índice,pg_enum,null,enumlabel,null,pg_enum_typid_label_index,Único
Índice,pg_enum,null,enumtypid,null,pg_enum_typid_label_index,Único
Índice,pg_enum,null,oid,null,pg_enum_oid_index,Único
Índice,pg_enum,null,enumtypid,null,pg_enum_typid_sortorder_index,Único
Índice,pg_enum,null,enumsortorder,null,pg_enum_typid_sortorder_index,Único
Índice,pg_event_trigger,null,evtname,null,pg_event_trigger_evtname_index,Único
Índice,pg_event_trigger,null,oid,null,pg_event_trigger_oid_index,Único
Índice,pg_extension,null,extname,null,pg_extension_name_index,Único
Índice,pg_extension,null,oid,null,pg_extension_oid_index,Único
Índice,pg_foreign_data_wrapper,null,fdwname,null,pg_foreign_data_wrapper_name_index,Único
Índice,pg_foreign_data_wrapper,null,oid,null,pg_foreign_data_wrapper_oid_index,Único
Índice,pg_foreign_server,null,oid,null,pg_foreign_server_oid_index,Único
Índice,pg_foreign_server,null,srvname,null,pg_foreign_server_name_index,Único
Índice,pg_foreign_table,null,ftrelid,null,pg_foreign_table_relid_index,Único
Índice,pg_index,null,indexrelid,null,pg_index_indexrelid_index,Único
Índice,pg_index,null,indrelid,null,pg_index_indrelid_index,Não Único
Índice,pg_inherits,null,inhparent,null,pg_inherits_parent_index,Não Único
Índice,pg_inherits,null,inhseqno,null,pg_inherits_relid_seqno_index,Único
Índice,pg_inherits,null,inhrelid,null,pg_inherits_relid_seqno_index,Único
Índice,pg_init_privs,null,objoid,null,pg_init_privs_o_c_o_index,Único
Índice,pg_init_privs,null,objsubid,null,pg_init_privs_o_c_o_index,Único
Índice,pg_init_privs,null,classoid,null,pg_init_privs_o_c_o_index,Único
Índice,pg_language,null,oid,null,pg_language_oid_index,Único
Índice,pg_language,null,lanname,null,pg_language_name_index,Único
Índice,pg_largeobject,null,loid,null,pg_largeobject_loid_pn_index,Único
Índice,pg_largeobject,null,pageno,null,pg_largeobject_loid_pn_index,Único
Índice,pg_largeobject_metadata,null,oid,null,pg_largeobject_metadata_oid_index,Único
Índice,pg_namespace,null,nspname,null,pg_namespace_nspname_index,Único
Índice,pg_namespace,null,oid,null,pg_namespace_oid_index,Único
Índice,pg_opclass,null,opcmethod,null,pg_opclass_am_name_nsp_index,Único
Índice,pg_opclass,null,opcname,null,pg_opclass_am_name_nsp_index,Único
Índice,pg_opclass,null,opcnamespace,null,pg_opclass_am_name_nsp_index,Único
Índice,pg_opclass,null,oid,null,pg_opclass_oid_index,Único
Índice,pg_operator,null,oprright,null,pg_operator_oprname_l_r_n_index,Único
Índice,pg_operator,null,oprnamespace,null,pg_operator_oprname_l_r_n_index,Único
Índice,pg_operator,null,oprname,null,pg_operator_oprname_l_r_n_index,Único
Índice,pg_operator,null,oid,null,pg_operator_oid_index,Único
Índice,pg_operator,null,oprleft,null,pg_operator_oprname_l_r_n_index,Único
Índice,pg_opfamily,null,oid,null,pg_opfamily_oid_index,Único
Índice,pg_opfamily,null,opfnamespace,null,pg_opfamily_am_name_nsp_index,Único
Índice,pg_opfamily,null,opfname,null,pg_opfamily_am_name_nsp_index,Único
Índice,pg_opfamily,null,opfmethod,null,pg_opfamily_am_name_nsp_index,Único
Índice,pg_parameter_acl,null,parname,null,pg_parameter_acl_parname_index,Único
Índice,pg_parameter_acl,null,oid,null,pg_parameter_acl_oid_index,Único
Índice,pg_partitioned_table,null,partrelid,null,pg_partitioned_table_partrelid_index,Único
Índice,pg_policy,null,oid,null,pg_policy_oid_index,Único
Índice,pg_policy,null,polname,null,pg_policy_polrelid_polname_index,Único
Índice,pg_policy,null,polrelid,null,pg_policy_polrelid_polname_index,Único
Índice,pg_proc,null,proname,null,pg_proc_proname_args_nsp_index,Único
Índice,pg_proc,null,pronamespace,null,pg_proc_proname_args_nsp_index,Único
Índice,pg_proc,null,proargtypes,null,pg_proc_proname_args_nsp_index,Único
Índice,pg_proc,null,oid,null,pg_proc_oid_index,Único
Índice,pg_publication,null,pubname,null,pg_publication_pubname_index,Único
Índice,pg_publication,null,oid,null,pg_publication_oid_index,Único
Índice,pg_publication_namespace,null,pnpubid,null,pg_publication_namespace_pnnspid_pnpubid_index,Único
Índice,pg_publication_namespace,null,oid,null,pg_publication_namespace_oid_index,Único
Índice,pg_publication_namespace,null,pnnspid,null,pg_publication_namespace_pnnspid_pnpubid_index,Único
Índice,pg_publication_rel,null,prpubid,null,pg_publication_rel_prpubid_index,Não Único
Índice,pg_publication_rel,null,prrelid,null,pg_publication_rel_prrelid_prpubid_index,Único
Índice,pg_publication_rel,null,prpubid,null,pg_publication_rel_prrelid_prpubid_index,Único
Índice,pg_publication_rel,null,oid,null,pg_publication_rel_oid_index,Único
Índice,pg_range,null,rngmultitypid,null,pg_range_rngmultitypid_index,Único
Índice,pg_range,null,rngtypid,null,pg_range_rngtypid_index,Único
Índice,pg_replication_origin,null,roname,null,pg_replication_origin_roname_index,Único
Índice,pg_replication_origin,null,roident,null,pg_replication_origin_roiident_index,Único
Índice,pg_rewrite,null,rulename,null,pg_rewrite_rel_rulename_index,Único
Índice,pg_rewrite,null,ev_class,null,pg_rewrite_rel_rulename_index,Único
Índice,pg_rewrite,null,oid,null,pg_rewrite_oid_index,Único
Índice,pg_seclabel,null,provider,null,pg_seclabel_object_index,Único
Índice,pg_seclabel,null,classoid,null,pg_seclabel_object_index,Único
Índice,pg_seclabel,null,objoid,null,pg_seclabel_object_index,Único
Índice,pg_seclabel,null,objsubid,null,pg_seclabel_object_index,Único
Índice,pg_sequence,null,seqrelid,null,pg_sequence_seqrelid_index,Único
Índice,pg_shdepend,null,refclassid,null,pg_shdepend_reference_index,Não Único
Índice,pg_shdepend,null,refobjid,null,pg_shdepend_reference_index,Não Único
Índice,pg_shdepend,null,classid,null,pg_shdepend_depender_index,Não Único
Índice,pg_shdepend,null,dbid,null,pg_shdepend_depender_index,Não Único
Índice,pg_shdepend,null,objid,null,pg_shdepend_depender_index,Não Único
Índice,pg_shdepend,null,objsubid,null,pg_shdepend_depender_index,Não Único
Índice,pg_shdescription,null,objoid,null,pg_shdescription_o_c_index,Único
Índice,pg_shdescription,null,classoid,null,pg_shdescription_o_c_index,Único
Índice,pg_shseclabel,null,classoid,null,pg_shseclabel_object_index,Único
Índice,pg_shseclabel,null,provider,null,pg_shseclabel_object_index,Único
Índice,pg_shseclabel,null,objoid,null,pg_shseclabel_object_index,Único
Índice,pg_statistic,null,starelid,null,pg_statistic_relid_att_inh_index,Único
Índice,pg_statistic,null,staattnum,null,pg_statistic_relid_att_inh_index,Único
Índice,pg_statistic,null,stainherit,null,pg_statistic_relid_att_inh_index,Único
Índice,pg_statistic_ext,null,stxrelid,null,pg_statistic_ext_relid_index,Não Único
Índice,pg_statistic_ext,null,stxnamespace,null,pg_statistic_ext_name_index,Único
Índice,pg_statistic_ext,null,stxname,null,pg_statistic_ext_name_index,Único
Índice,pg_statistic_ext,null,oid,null,pg_statistic_ext_oid_index,Único
Índice,pg_statistic_ext_data,null,stxoid,null,pg_statistic_ext_data_stxoid_inh_index,Único
Índice,pg_statistic_ext_data,null,stxdinherit,null,pg_statistic_ext_data_stxoid_inh_index,Único
Índice,pg_subscription,null,subdbid,null,pg_subscription_subname_index,Único
Índice,pg_subscription,null,subname,null,pg_subscription_subname_index,Único
Índice,pg_subscription,null,oid,null,pg_subscription_oid_index,Único
Índice,pg_subscription_rel,null,srrelid,null,pg_subscription_rel_srrelid_srsubid_index,Único
Índice,pg_subscription_rel,null,srsubid,null,pg_subscription_rel_srrelid_srsubid_index,Único
Índice,pg_tablespace,null,spcname,null,pg_tablespace_spcname_index,Único
Índice,pg_tablespace,null,oid,null,pg_tablespace_oid_index,Único
Índice,pg_transform,null,oid,null,pg_transform_oid_index,Único
Índice,pg_transform,null,trftype,null,pg_transform_type_lang_index,Único
Índice,pg_transform,null,trflang,null,pg_transform_type_lang_index,Único
Índice,pg_trigger,null,tgconstraint,null,pg_trigger_tgconstraint_index,Não Único
Índice,pg_trigger,null,tgrelid,null,pg_trigger_tgrelid_tgname_index,Único
Índice,pg_trigger,null,oid,null,pg_trigger_oid_index,Único
Índice,pg_trigger,null,tgname,null,pg_trigger_tgrelid_tgname_index,Único
Índice,pg_ts_config,null,cfgnamespace,null,pg_ts_config_cfgname_index,Único
Índice,pg_ts_config,null,cfgname,null,pg_ts_config_cfgname_index,Único
Índice,pg_ts_config,null,oid,null,pg_ts_config_oid_index,Único
Índice,pg_ts_config_map,null,maptokentype,null,pg_ts_config_map_index,Único
Índice,pg_ts_config_map,null,mapseqno,null,pg_ts_config_map_index,Único
Índice,pg_ts_config_map,null,mapcfg,null,pg_ts_config_map_index,Único
Índice,pg_ts_dict,null,oid,null,pg_ts_dict_oid_index,Único
Índice,pg_ts_dict,null,dictnamespace,null,pg_ts_dict_dictname_index,Único
Índice,pg_ts_dict,null,dictname,null,pg_ts_dict_dictname_index,Único
Índice,pg_ts_parser,null,oid,null,pg_ts_parser_oid_index,Único
Índice,pg_ts_parser,null,prsname,null,pg_ts_parser_prsname_index,Único
Índice,pg_ts_parser,null,prsnamespace,null,pg_ts_parser_prsname_index,Único
Índice,pg_ts_template,null,tmplname,null,pg_ts_template_tmplname_index,Único
Índice,pg_ts_template,null,oid,null,pg_ts_template_oid_index,Único
Índice,pg_ts_template,null,tmplnamespace,null,pg_ts_template_tmplname_index,Único
Índice,pg_type,null,typnamespace,null,pg_type_typname_nsp_index,Único
Índice,pg_type,null,oid,null,pg_type_oid_index,Único
Índice,pg_type,null,typname,null,pg_type_typname_nsp_index,Único
Índice,pg_user_mapping,null,oid,null,pg_user_mapping_oid_index,Único
Índice,pg_user_mapping,null,umserver,null,pg_user_mapping_user_server_index,Único
Índice,pg_user_mapping,null,umuser,null,pg_user_mapping_user_server_index,Único
Índice,prefixes,null,level,null,idx_prefixes_lower_name,Não Único
Índice,prefixes,null,name,null,prefixes_pkey,Único
Índice,prefixes,null,level,null,prefixes_pkey,Único
Índice,prefixes,null,bucket_id,null,prefixes_pkey,Único
Índice,prefixes,null,bucket_id,null,idx_prefixes_lower_name,Não Único
Índice,profile_views,null,id,null,profile_views_pkey,Único
Índice,profile_views,null,profile_id,null,idx_unique_daily_view,Único
Índice,profile_views,null,viewer_id,null,idx_profile_views_viewer_id,Não Único
Índice,profile_views,null,profile_id,null,idx_profile_views_profile_id,Não Único
Índice,profile_views,null,viewer_id,null,idx_unique_daily_view,Único
Índice,profiles,null,is_admin,null,profiles_is_admin_idx,Não Único
Índice,profiles,null,profile_type,null,idx_profiles_type,Não Único
Índice,profiles,null,city,null,idx_profiles_city,Não Único
Índice,profiles,null,id,null,profiles_pkey,Único
Índice,refresh_tokens,null,updated_at,null,refresh_tokens_updated_at_idx,Não Único
Índice,refresh_tokens,null,parent,null,refresh_tokens_parent_idx,Não Único
Índice,refresh_tokens,null,user_id,null,refresh_tokens_instance_id_user_id_idx,Não Único
Índice,refresh_tokens,null,session_id,null,refresh_tokens_session_id_revoked_idx,Não Único
Índice,refresh_tokens,null,instance_id,null,refresh_tokens_instance_id_user_id_idx,Não Único
Índice,refresh_tokens,null,instance_id,null,refresh_tokens_instance_id_idx,Não Único
Índice,refresh_tokens,null,revoked,null,refresh_tokens_session_id_revoked_idx,Não Único
Índice,refresh_tokens,null,id,null,refresh_tokens_pkey,Único
Índice,refresh_tokens,null,token,null,refresh_tokens_token_unique,Único
Índice,s3_multipart_uploads,null,id,null,s3_multipart_uploads_pkey,Único
Índice,s3_multipart_uploads,null,key,null,idx_multipart_uploads_list,Não Único
Índice,s3_multipart_uploads,null,bucket_id,null,idx_multipart_uploads_list,Não Único
Índice,s3_multipart_uploads,null,created_at,null,idx_multipart_uploads_list,Não Único
Índice,s3_multipart_uploads_parts,null,id,null,s3_multipart_uploads_parts_pkey,Único
Índice,saml_providers,null,sso_provider_id,null,saml_providers_sso_provider_id_idx,Não Único
Índice,saml_providers,null,entity_id,null,saml_providers_entity_id_key,Único
Índice,saml_providers,null,id,null,saml_providers_pkey,Único
Índice,saml_relay_states,null,created_at,null,saml_relay_states_created_at_idx,Não Único
Índice,saml_relay_states,null,id,null,saml_relay_states_pkey,Único
Índice,saml_relay_states,null,sso_provider_id,null,saml_relay_states_sso_provider_id_idx,Não Único
Índice,saml_relay_states,null,for_email,null,saml_relay_states_for_email_idx,Não Único
Índice,schema_migrations,null,version,null,schema_migrations_pkey,Único
Índice,schema_migrations,null,version,null,schema_migrations_pkey,Único
Índice,schema_migrations,null,version,null,schema_migrations_pkey,Único
Índice,secrets,null,name,null,secrets_name_idx,Único
Índice,secrets,null,id,null,secrets_pkey,Único
Índice,seed_files,null,path,null,seed_files_pkey,Único
Índice,sessions,null,user_id,null,user_id_created_at_idx,Não Único
Índice,sessions,null,user_id,null,sessions_user_id_idx,Não Único
Índice,sessions,null,not_after,null,sessions_not_after_idx,Não Único
Índice,sessions,null,id,null,sessions_pkey,Único
Índice,sessions,null,created_at,null,user_id_created_at_idx,Não Único
Índice,sso_domains,null,id,null,sso_domains_pkey,Único
Índice,sso_domains,null,sso_provider_id,null,sso_domains_sso_provider_id_idx,Não Único
Índice,sso_providers,null,resource_id,null,sso_providers_resource_id_pattern_idx,Não Único
Índice,sso_providers,null,id,null,sso_providers_pkey,Único
Índice,subscription,null,entity,null,subscription_subscription_id_entity_filters_key,Único
Índice,subscription,null,filters,null,subscription_subscription_id_entity_filters_key,Único
Índice,subscription,null,id,null,pk_subscription,Único
Índice,subscription,null,entity,null,ix_realtime_subscription_entity,Não Único
Índice,subscription,null,subscription_id,null,subscription_subscription_id_entity_filters_key,Único
Índice,subscription_plans,null,id,null,subscription_plans_pkey,Único
Índice,user_subscriptions,null,id,null,user_subscriptions_pkey,Único
Índice,user_subscriptions,null,expires_at,null,idx_user_subscriptions_expires_at,Não Único
Índice,user_subscriptions,null,status,null,idx_user_subscriptions_status,Não Único
Índice,users,null,instance_id,null,users_instance_id_email_idx,Não Único
Índice,users,null,id,null,users_pkey,Único
Índice,users,null,is_anonymous,null,users_is_anonymous_idx,Não Único
Índice,users,null,reauthentication_token,null,reauthentication_token_idx,Único
Índice,users,null,confirmation_token,null,confirmation_token_idx,Único
Índice,users,null,phone,null,users_phone_key,Único
Índice,users,null,recovery_token,null,recovery_token_idx,Único
Índice,users,null,email,null,users_email_partial_key,Único
Índice,users,null,email_change_token_current,null,email_change_token_current_idx,Único
Índice,users,null,email_change_token_new,null,email_change_token_new_idx,Único
Índice,users,null,instance_id,null,users_instance_id_idx,Não Único
Índice,verifications,null,status,null,idx_verifications_status,Não Único
Índice,verifications,null,id,null,verifications_pkey,Único
Política RLS,messages,INSERT,null,null,Users can insert messages,null
Política RLS,messages,SELECT,null,null,Users can view their own messages,((auth.uid() = sender_id) OR (auth.uid() = recipient_id))
Política RLS,profiles,SELECT,null,null,Public profiles are viewable by everyone.,true
Política RLS,profiles,UPDATE,null,null,Users can update their own profile.,(auth.uid() = id)
Política RLS,profiles,SELECT,null,null,Allow anon select for admin demo,true
Política RLS,profiles,SELECT,null,null,Usuários podem ver perfis ativos,true
Política RLS,profiles,INSERT,null,null,Users can insert their own profile.,null
Tabela,likes,BASE TABLE,null,null,null,null
Tabela,messages,BASE TABLE,null,null,null,null
Tabela,payments,BASE TABLE,null,null,null,null
Tabela,profile_views,BASE TABLE,null,null,null,null
Tabela,profiles,BASE TABLE,null,null,null,null
Tabela,subscription_plans,BASE TABLE,null,null,null,null
Tabela,user_subscriptions,BASE TABLE,null,null,null,null
Tabela,verifications,BASE TABLE,null,null,null,null
Trigger,likes,BEFORE,null,INSERT,no_self_like_trigger,EXECUTE FUNCTION prevent_self_like()
Trigger,likes,BEFORE,null,UPDATE,no_self_like_trigger,EXECUTE FUNCTION prevent_self_like()
Trigger,profile_views,BEFORE,null,INSERT,trigger_set_created_date,EXECUTE FUNCTION set_created_date()
Trigger,profiles,BEFORE,null,UPDATE,update_profiles_updated_at,EXECUTE FUNCTION update_updated_at_column()